corrente,tensão
0,0
0.0006888,0.61
0.0010087,0.896
0.0014692,1.306
0.0023000,2.04
0.003067,2.72
0.003899,3.45