corrente,tensão
0,0
1.06,0.000002
2.05,0.000004
3.20,0.000007
4.18,0.000009
5.01,0.000011
6.07,0.000014
7.18,0.000016
8.27,0.000019
9.59,0.000021