temperatura,resistencia
-5.6,10051.707875766355
5.4,10048.178999407415
32.5,10075.948404718049
91,10115.065236277886